Dataset,Fault_Modes,Operating_Conditions,Best_Classifier_Accuracy,Best_Regressor_R2,Complexity_Score
FD001,1,1,0.9163996948893974,0.7747313868482438,1
FD003,2,1,0.893687230989957,0.5363085279874035,2
FD002,1,6,0.903104354621013,0.722458585939107,6
FD004,2,6,0.8832573685809785,0.6109705788033197,12
